instant;dteday;season;weathersit;temp;atemp;hum;windspeed
1;01/01/11;1;2;0.344167;0.363625;0.805833;0.160446
2;02/01/11;1;2;0.363478;0.353739;0.696087;0.248539
3;03/01/11;1;1;0.196364;0.189405;0.437273;0.248309
4;04/01/11;1;1;0.2;0.212122;0.590435;0.160296
5;05/01/11;1;1;0.226957;0.22927;0.436957;0.1869
6;06/01/11;1;1;0.204348;0.233209;0.518261;0.0895652
7;07/01/11;1;2;0.196522;0.208839;0.498696;0.168726
8;08/01/11;1;2;0.165;0.162254;0.535833;0.266804
9;09/01/11;1;1;0.138333;0.116175;0.434167;0.36195
10;10/01/11;1;1;0.150833;0.150888;0.482917;0.223267
11;11/01/11;1;2;0.169091;0.191464;0.686364;0.122132
12;12/01/11;1;1;0.172727;0.160473;0.599545;0.304627
13;13/01/11;1;1;0.165;0.150883;0.470417;0.301
14;14/01/11;1;1;0.16087;0.188413;0.537826;0.126548
15;15/01/11;1;2;0.233333;0.248112;0.49875;0.157963
16;16/01/11;1;1;0.231667;0.234217;0.48375;0.188433
17;17/01/11;1;2;0.175833;0.176771;0.5375;0.194017
18;18/01/11;1;2;0.216667;0.232333;0.861667;0.146775
19;19/01/11;1;2;0.292174;0.298422;0.741739;0.208317
20;20/01/11;1;2;0.261667;0.25505;0.538333;0.195904
21;21/01/11;1;1;0.1775;0.157833;0.457083;0.353242
22;22/01/11;1;1;0.0591304;0.0790696;0.4;0.17197
23;23/01/11;1;1;0.0965217;0.0988391;0.436522;0.2466
24;24/01/11;1;1;0.0973913;0.11793;0.491739;0.15833
25;25/01/11;1;2;0.223478;0.234526;0.616957;0.129796
26;26/01/11;1;3;0.2175;0.2036;0.8625;0.29385
27;27/01/11;1;1;0.195;0.2197;0.6875;0.113837
28;28/01/11;1;2;0.203478;0.223317;0.793043;0.1233
29;29/01/11;1;1;0.196522;0.212126;0.651739;0.145365
30;30/01/11;1;1;0.216522;0.250322;0.722174;0.0739826
31;31/01/11;1;2;0.180833;0.18625;0.60375;0.187192
32;01/02/11;1;2;0.192174;0.23453;0.829565;0.053213
33;02/02/11;1;2;0.26;0.254417;0.775417;0.264308
34;03/02/11;1;1;0.186957;0.177878;0.437826;0.277752
35;04/02/11;1;2;0.211304;0.228587;0.585217;0.127839
36;05/02/11;1;2;0.233333;0.243058;0.929167;0.161079
37;06/02/11;1;1;0.285833;0.291671;0.568333;0.1418
38;07/02/11;1;1;0.271667;0.303658;0.738333;0.0454083
39;08/02/11;1;1;0.220833;0.198246;0.537917;0.36195
40;09/02/11;1;2;0.134783;0.144283;0.494783;0.188839
41;10/02/11;1;1;0.144348;0.149548;0.437391;0.221935
42;11/02/11;1;1;0.189091;0.213509;0.506364;0.10855
43;12/02/11;1;1;0.2225;0.232954;0.544167;0.203367
44;13/02/11;1;1;0.316522;0.324113;0.457391;0.260883
45;14/02/11;1;1;0.415;0.39835;0.375833;0.417908
46;15/02/11;1;1;0.266087;0.254274;0.314348;0.291374
47;16/02/11;1;1;0.318261;0.3162;0.423478;0.251791
48;17/02/11;1;1;0.435833;0.428658;0.505;0.230104
49;18/02/11;1;1;0.521667;0.511983;0.516667;0.264925
50;19/02/11;1;1;0.399167;0.391404;0.187917;0.507463
51;20/02/11;1;1;0.285217;0.27733;0.407826;0.223235
52;21/02/11;1;2;0.303333;0.284075;0.605;0.307846
53;22/02/11;1;1;0.182222;0.186033;0.577778;0.195683
54;23/02/11;1;1;0.221739;0.245717;0.423043;0.094113
55;24/02/11;1;2;0.295652;0.289191;0.697391;0.250496
56;25/02/11;1;2;0.364348;0.350461;0.712174;0.346539
57;26/02/11;1;1;0.2825;0.282192;0.537917;0.186571
58;27/02/11;1;1;0.343478;0.351109;0.68;0.125248
59;28/02/11;1;2;0.407273;0.400118;0.876364;0.289686
60;01/03/11;1;1;0.266667;0.263879;0.535;0.216425
61;02/03/11;1;1;0.335;0.320071;0.449583;0.307833
62;03/03/11;1;1;0.198333;0.200133;0.318333;0.225754
63;04/03/11;1;2;0.261667;0.255679;0.610417;0.203346
64;05/03/11;1;2;0.384167;0.378779;0.789167;0.251871
65;06/03/11;1;2;0.376522;0.366252;0.948261;0.343287
66;07/03/11;1;1;0.261739;0.238461;0.551304;0.341352
67;08/03/11;1;1;0.2925;0.3024;0.420833;0.12065
68;09/03/11;1;2;0.295833;0.286608;0.775417;0.22015
69;10/03/11;1;3;0.389091;0.385668;0;0.261877
70;11/03/11;1;2;0.316522;0.305;0.649565;0.23297
71;12/03/11;1;1;0.329167;0.32575;0.594583;0.220775
72;13/03/11;1;1;0.384348;0.380091;0.527391;0.270604
73;14/03/11;1;1;0.325217;0.332;0.496957;0.136926
74;15/03/11;1;2;0.317391;0.318178;0.655652;0.184309
75;16/03/11;1;2;0.365217;0.36693;0.776522;0.203117
76;17/03/11;1;1;0.415;0.410333;0.602917;0.209579
77;18/03/11;1;1;0.54;0.527009;0.525217;0.231017
78;19/03/11;1;1;0.4725;0.466525;0.379167;0.368167
79;20/03/11;1;1;0.3325;0.32575;0.47375;0.207721
80;21/03/11;2;2;0.430435;0.409735;0.737391;0.288783
81;22/03/11;2;1;0.441667;0.440642;0.624583;0.22575
82;23/03/11;2;2;0.346957;0.337939;0.839565;0.234261
83;24/03/11;2;2;0.285;0.270833;0.805833;0.243787
84;25/03/11;2;1;0.264167;0.256312;0.495;0.230725
85;26/03/11;2;1;0.265833;0.257571;0.394167;0.209571
86;27/03/11;2;2;0.253043;0.250339;0.493913;0.1843
87;28/03/11;2;1;0.264348;0.257574;0.302174;0.212204
88;29/03/11;2;1;0.3025;0.292908;0.314167;0.226996
89;30/03/11;2;2;0.3;0.29735;0.646667;0.172888
90;31/03/11;2;3;0.268333;0.257575;0.918333;0.217646
91;01/04/11;2;2;0.3;0.283454;0.68625;0.258708
92;02/04/11;2;2;0.315;0.315637;0.65375;0.197146
93;03/04/11;2;1;0.378333;0.378767;0.48;0.182213
94;04/04/11;2;1;0.573333;0.542929;0.42625;0.385571
95;05/04/11;2;2;0.414167;0.39835;0.642083;0.388067
96;06/04/11;2;1;0.390833;0.387608;0.470833;0.263063
97;07/04/11;2;1;0.4375;0.433696;0.602917;0.162312
98;08/04/11;2;2;0.335833;0.324479;0.83625;0.226992
99;09/04/11;2;2;0.3425;0.341529;0.8775;0.133083
100;10/04/11;2;2;0.426667;0.426737;0.8575;0.146767
101;11/04/11;2;2;0.595652;0.565217;0.716956;0.324474
102;12/04/11;2;2;0.5025;0.493054;0.739167;0.274879
103;13/04/11;2;2;0.4125;0.417283;0.819167;0.250617
104;14/04/11;2;1;0.4675;0.462742;0.540417;0.1107
105;15/04/11;2;1;0.446667;0.441913;0.67125;0.226375
106;16/04/11;2;3;0.430833;0.425492;0.888333;0.340808
107;17/04/11;2;1;0.456667;0.445696;0.479583;0.303496
108;18/04/11;2;1;0.5125;0.503146;0.5425;0.163567
109;19/04/11;2;2;0.505833;0.489258;0.665833;0.157971
110;20/04/11;2;1;0.595;0.564392;0.614167;0.241925
111;21/04/11;2;1;0.459167;0.453892;0.407083;0.325258
112;22/04/11;2;2;0.336667;0.321954;0.729583;0.219521
113;23/04/11;2;2;0.46;0.450121;0.887917;0.230725
114;24/04/11;2;2;0.581667;0.551763;0.810833;0.192175
115;25/04/11;2;1;0.606667;0.5745;0.776667;0.185333
116;26/04/11;2;1;0.631667;0.594083;0.729167;0.3265
117;27/04/11;2;2;0.62;0.575142;0.835417;0.3122
118;28/04/11;2;2;0.6175;0.578929;0.700833;0.320908
119;29/04/11;2;1;0.51;0.497463;0.457083;0.240063
120;30/04/11;2;1;0.4725;0.464021;0.503333;0.235075
121;01/05/11;2;2;0.451667;0.448204;0.762083;0.106354
122;02/05/11;2;2;0.549167;0.532833;0.73;0.183454
123;03/05/11;2;2;0.616667;0.582079;0.697083;0.342667
124;04/05/11;2;2;0.414167;0.40465;0.737083;0.328996
125;05/05/11;2;1;0.459167;0.441917;0.444167;0.295392
126;06/05/11;2;1;0.479167;0.474117;0.59;0.228246
127;07/05/11;2;1;0.52;0.512621;0.54125;0.16045
128;08/05/11;2;1;0.528333;0.518933;0.631667;0.0746375
129;09/05/11;2;1;0.5325;0.525246;0.58875;0.176
130;10/05/11;2;1;0.5325;0.522721;0.489167;0.115671
131;11/05/11;2;1;0.5425;0.5284;0.632917;0.120642
132;12/05/11;2;1;0.535;0.523363;0.7475;0.189667
133;13/05/11;2;2;0.5125;0.4943;0.863333;0.179725
134;14/05/11;2;2;0.520833;0.500629;0.9225;0.13495
135;15/05/11;2;2;0.5625;0.536;0.867083;0.152979
136;16/05/11;2;1;0.5775;0.550512;0.787917;0.126871
137;17/05/11;2;2;0.561667;0.538529;0.837917;0.277354
138;18/05/11;2;2;0.55;0.527158;0.87;0.201492
139;19/05/11;2;2;0.530833;0.510742;0.829583;0.108213
140;20/05/11;2;1;0.536667;0.529042;0.719583;0.125013
141;21/05/11;2;1;0.6025;0.571975;0.626667;0.12065
142;22/05/11;2;1;0.604167;0.5745;0.749583;0.148008
143;23/05/11;2;2;0.631667;0.590296;0.81;0.233842
144;24/05/11;2;2;0.66;0.604813;0.740833;0.207092
145;25/05/11;2;1;0.660833;0.615542;0.69625;0.154233
146;26/05/11;2;1;0.708333;0.654688;0.6775;0.199642
147;27/05/11;2;1;0.681667;0.637008;0.65375;0.240679
148;28/05/11;2;1;0.655833;0.612379;0.729583;0.230092
149;29/05/11;2;1;0.6675;0.61555;0.81875;0.213938
150;30/05/11;2;1;0.733333;0.671092;0.685;0.131225
151;31/05/11;2;1;0.775;0.725383;0.636667;0.111329
152;01/06/11;2;2;0.764167;0.720967;0.677083;0.207092
153;02/06/11;2;1;0.715;0.643942;0.305;0.292287
154;03/06/11;2;1;0.62;0.587133;0.354167;0.253121
155;04/06/11;2;1;0.635;0.594696;0.45625;0.123142
156;05/06/11;2;2;0.648333;0.616804;0.6525;0.138692
157;06/06/11;2;1;0.678333;0.621858;0.6;0.121896
158;07/06/11;2;1;0.7075;0.65595;0.597917;0.187808
159;08/06/11;2;1;0.775833;0.727279;0.622083;0.136817
160;09/06/11;2;2;0.808333;0.757579;0.568333;0.149883
161;10/06/11;2;1;0.755;0.703292;0.605;0.140554
162;11/06/11;2;1;0.725;0.678038;0.654583;0.15485
163;12/06/11;2;1;0.6925;0.643325;0.747917;0.163567
164;13/06/11;2;1;0.635;0.601654;0.494583;0.30535
165;14/06/11;2;1;0.604167;0.591546;0.507083;0.269283
166;15/06/11;2;1;0.626667;0.587754;0.471667;0.167912
167;16/06/11;2;2;0.628333;0.595346;0.688333;0.206471
168;17/06/11;2;1;0.649167;0.600383;0.735833;0.143029
169;18/06/11;2;1;0.696667;0.643954;0.670417;0.119408
170;19/06/11;2;2;0.699167;0.645846;0.666667;0.102
171;20/06/11;2;2;0.635;0.595346;0.74625;0.155475
172;21/06/11;3;2;0.680833;0.637646;0.770417;0.171025
173;22/06/11;3;1;0.733333;0.693829;0.7075;0.172262
174;23/06/11;3;2;0.728333;0.693833;0.703333;0.238804
175;24/06/11;3;1;0.724167;0.656583;0.573333;0.222025
176;25/06/11;3;1;0.695;0.643313;0.483333;0.209571
177;26/06/11;3;1;0.68;0.637629;0.513333;0.0945333
178;27/06/11;3;2;0.6825;0.637004;0.658333;0.107588
179;28/06/11;3;1;0.744167;0.692558;0.634167;0.144283
180;29/06/11;3;1;0.728333;0.654688;0.497917;0.261821
181;30/06/11;3;1;0.696667;0.637008;0.434167;0.185312
182;01/07/11;3;1;0.7225;0.652162;0.39625;0.102608
183;02/07/11;3;1;0.738333;0.667308;0.444583;0.115062
184;03/07/11;3;2;0.716667;0.668575;0.6825;0.228858
185;04/07/11;3;2;0.726667;0.665417;0.637917;0.0814792
186;05/07/11;3;1;0.746667;0.696338;0.590417;0.126258
187;06/07/11;3;1;0.72;0.685633;0.743333;0.149883
188;07/07/11;3;1;0.75;0.686871;0.65125;0.1592
189;08/07/11;3;2;0.709167;0.670483;0.757917;0.225129
190;09/07/11;3;1;0.733333;0.664158;0.609167;0.167912
191;10/07/11;3;1;0.7475;0.690025;0.578333;0.183471
192;11/07/11;3;1;0.7625;0.729804;0.635833;0.282337
193;12/07/11;3;1;0.794167;0.739275;0.559167;0.200254
194;13/07/11;3;1;0.746667;0.689404;0.631667;0.146133
195;14/07/11;3;1;0.680833;0.635104;0.47625;0.240667
196;15/07/11;3;1;0.663333;0.624371;0.59125;0.182833
197;16/07/11;3;1;0.686667;0.638263;0.585;0.208342
198;17/07/11;3;1;0.719167;0.669833;0.604167;0.245033
199;18/07/11;3;1;0.746667;0.703925;0.65125;0.215804
200;19/07/11;3;1;0.776667;0.747479;0.650417;0.1306
201;20/07/11;3;1;0.768333;0.74685;0.707083;0.113817
202;21/07/11;3;2;0.815;0.826371;0.69125;0.222021
203;22/07/11;3;1;0.848333;0.840896;0.580417;0.1331
204;23/07/11;3;1;0.849167;0.804287;0.5;0.131221
205;24/07/11;3;1;0.83;0.794829;0.550833;0.169171
206;25/07/11;3;1;0.743333;0.720958;0.757083;0.0908083
207;26/07/11;3;1;0.771667;0.696979;0.540833;0.200258
208;27/07/11;3;1;0.775;0.690667;0.402917;0.183463
209;28/07/11;3;1;0.779167;0.7399;0.583333;0.178479
210;29/07/11;3;1;0.838333;0.785967;0.5425;0.174138
211;30/07/11;3;1;0.804167;0.728537;0.465833;0.168537
212;31/07/11;3;1;0.805833;0.729796;0.480833;0.164813
213;01/08/11;3;1;0.771667;0.703292;0.550833;0.156717
214;02/08/11;3;1;0.783333;0.707071;0.49125;0.20585
215;03/08/11;3;2;0.731667;0.679937;0.6575;0.135583
216;04/08/11;3;2;0.71;0.664788;0.7575;0.19715
217;05/08/11;3;1;0.710833;0.656567;0.630833;0.184696
218;06/08/11;3;2;0.716667;0.676154;0.755;0.22825
219;07/08/11;3;1;0.7425;0.715292;0.752917;0.201487
220;08/08/11;3;1;0.765;0.703283;0.592083;0.192175
221;09/08/11;3;1;0.775;0.724121;0.570417;0.151121
222;10/08/11;3;1;0.766667;0.684983;0.424167;0.200258
223;11/08/11;3;1;0.7175;0.651521;0.42375;0.164796
224;12/08/11;3;1;0.708333;0.654042;0.415;0.125621
225;13/08/11;3;2;0.685833;0.645858;0.729583;0.211454
226;14/08/11;3;2;0.676667;0.624388;0.8175;0.222633
227;15/08/11;3;1;0.665833;0.616167;0.712083;0.208954
228;16/08/11;3;1;0.700833;0.645837;0.578333;0.236329
229;17/08/11;3;1;0.723333;0.666671;0.575417;0.143667
230;18/08/11;3;1;0.711667;0.662258;0.654583;0.233208
231;19/08/11;3;2;0.685;0.633221;0.722917;0.139308
232;20/08/11;3;1;0.6975;0.648996;0.674167;0.104467
233;21/08/11;3;1;0.710833;0.675525;0.77;0.248754
234;22/08/11;3;1;0.691667;0.638254;0.47;0.27675
235;23/08/11;3;1;0.640833;0.606067;0.455417;0.146763
236;24/08/11;3;1;0.673333;0.630692;0.605;0.253108
237;25/08/11;3;2;0.684167;0.645854;0.771667;0.210833
238;26/08/11;3;1;0.7;0.659733;0.76125;0.0839625
239;27/08/11;3;2;0.68;0.635556;0.85;0.375617
240;28/08/11;3;1;0.707059;0.647959;0.561765;0.304659
241;29/08/11;3;1;0.636667;0.607958;0.554583;0.159825
242;30/08/11;3;1;0.639167;0.594704;0.548333;0.125008
243;31/08/11;3;1;0.656667;0.611121;0.597917;0.0833333
244;01/09/11;3;1;0.655;0.614921;0.639167;0.141796
245;02/09/11;3;2;0.643333;0.604808;0.727083;0.139929
246;03/09/11;3;1;0.669167;0.633213;0.716667;0.185325
247;04/09/11;3;1;0.709167;0.665429;0.742083;0.206467
248;05/09/11;3;2;0.673333;0.625646;0.790417;0.212696
249;06/09/11;3;3;0.54;0.5152;0.886957;0.343943
250;07/09/11;3;3;0.599167;0.544229;0.917083;0.0970208
251;08/09/11;3;3;0.633913;0.555361;0.939565;0.192748
252;09/09/11;3;2;0.65;0.578946;0.897917;0.124379
253;10/09/11;3;1;0.66;0.607962;0.75375;0.153608
254;11/09/11;3;1;0.653333;0.609229;0.71375;0.115054
255;12/09/11;3;1;0.644348;0.60213;0.692174;0.088913
256;13/09/11;3;1;0.650833;0.603554;0.7125;0.141804
257;14/09/11;3;1;0.673333;0.6269;0.697083;0.1673
258;15/09/11;3;2;0.5775;0.553671;0.709167;0.271146
259;16/09/11;3;2;0.469167;0.461475;0.590417;0.164183
260;17/09/11;3;2;0.491667;0.478512;0.718333;0.189675
261;18/09/11;3;1;0.5075;0.490537;0.695;0.178483
262;19/09/11;3;2;0.549167;0.529675;0.69;0.151742
263;20/09/11;3;2;0.561667;0.532217;0.88125;0.134954
264;21/09/11;3;2;0.595;0.550533;0.9;0.0964042
265;22/09/11;3;2;0.628333;0.554963;0.902083;0.128125
266;23/09/11;4;2;0.609167;0.522125;0.9725;0.0783667
267;24/09/11;4;2;0.606667;0.564412;0.8625;0.0783833
268;25/09/11;4;2;0.634167;0.572637;0.845;0.0503792
269;26/09/11;4;2;0.649167;0.589042;0.848333;0.1107
270;27/09/11;4;2;0.636667;0.574525;0.885417;0.118171
271;28/09/11;4;2;0.635;0.575158;0.84875;0.148629
272;29/09/11;4;1;0.616667;0.574512;0.699167;0.172883
273;30/09/11;4;1;0.564167;0.544829;0.6475;0.206475
274;01/10/11;4;2;0.41;0.412863;0.75375;0.292296
275;02/10/11;4;2;0.356667;0.345317;0.791667;0.222013
276;03/10/11;4;2;0.384167;0.392046;0.760833;0.0833458
277;04/10/11;4;1;0.484167;0.472858;0.71;0.205854
278;05/10/11;4;1;0.538333;0.527138;0.647917;0.17725
279;06/10/11;4;1;0.494167;0.480425;0.620833;0.134954
280;07/10/11;4;1;0.510833;0.504404;0.684167;0.0223917
281;08/10/11;4;1;0.521667;0.513242;0.70125;0.0454042
282;09/10/11;4;1;0.540833;0.523983;0.7275;0.06345
283;10/10/11;4;1;0.570833;0.542925;0.73375;0.0423042
284;11/10/11;4;2;0.566667;0.546096;0.80875;0.143042
285;12/10/11;4;3;0.543333;0.517717;0.90625;0.24815
286;13/10/11;4;2;0.589167;0.551804;0.896667;0.141787
287;14/10/11;4;2;0.550833;0.529675;0.71625;0.223883
288;15/10/11;4;1;0.506667;0.498725;0.483333;0.258083
289;16/10/11;4;1;0.511667;0.503154;0.486667;0.281717
290;17/10/11;4;1;0.534167;0.510725;0.579583;0.175379
291;18/10/11;4;2;0.5325;0.522721;0.701667;0.110087
292;19/10/11;4;3;0.541739;0.513848;0.895217;0.243339
293;20/10/11;4;1;0.475833;0.466525;0.63625;0.422275
294;21/10/11;4;1;0.4275;0.423596;0.574167;0.221396
295;22/10/11;4;1;0.4225;0.425492;0.629167;0.0926667
296;23/10/11;4;1;0.421667;0.422333;0.74125;0.0995125
297;24/10/11;4;1;0.463333;0.457067;0.772083;0.118792
298;25/10/11;4;1;0.471667;0.463375;0.622917;0.166658
299;26/10/11;4;2;0.484167;0.472846;0.720417;0.148642
300;27/10/11;4;2;0.47;0.457046;0.812917;0.197763
301;28/10/11;4;2;0.330833;0.318812;0.585833;0.229479
302;29/10/11;4;3;0.254167;0.227913;0.8825;0.351371
303;30/10/11;4;1;0.319167;0.321329;0.62375;0.176617
304;31/10/11;4;1;0.34;0.356063;0.703333;0.10635
305;01/11/11;4;1;0.400833;0.397088;0.68375;0.135571
306;02/11/11;4;1;0.3775;0.390133;0.71875;0.0820917
307;03/11/11;4;1;0.408333;0.405921;0.702083;0.136817
308;04/11/11;4;2;0.403333;0.403392;0.6225;0.271779
309;05/11/11;4;1;0.326667;0.323854;0.519167;0.189062
310;06/11/11;4;1;0.348333;0.362358;0.734583;0.0920542
311;07/11/11;4;1;0.395;0.400871;0.75875;0.057225
312;08/11/11;4;1;0.408333;0.412246;0.721667;0.0690375
313;09/11/11;4;1;0.4;0.409079;0.758333;0.0621958
314;10/11/11;4;2;0.38;0.373721;0.813333;0.189067
315;11/11/11;4;1;0.324167;0.306817;0.44625;0.314675
316;12/11/11;4;1;0.356667;0.357942;0.552917;0.212062
317;13/11/11;4;1;0.440833;0.43055;0.458333;0.281721
318;14/11/11;4;1;0.53;0.524612;0.587083;0.306596
319;15/11/11;4;2;0.53;0.507579;0.68875;0.199633
320;16/11/11;4;3;0.456667;0.451988;0.93;0.136829
321;17/11/11;4;2;0.341667;0.323221;0.575833;0.305362
322;18/11/11;4;1;0.274167;0.272721;0.41;0.168533
323;19/11/11;4;1;0.329167;0.324483;0.502083;0.224496
324;20/11/11;4;2;0.463333;0.457058;0.684583;0.18595
325;21/11/11;4;3;0.4475;0.445062;0.91;0.138054
326;22/11/11;4;3;0.416667;0.421696;0.9625;0.118792
327;23/11/11;4;2;0.440833;0.430537;0.757917;0.335825
328;24/11/11;4;1;0.373333;0.372471;0.549167;0.167304
329;25/11/11;4;1;0.375;0.380671;0.64375;0.0988958
330;26/11/11;4;1;0.375833;0.385087;0.681667;0.0684208
331;27/11/11;4;1;0.459167;0.4558;0.698333;0.208954
332;28/11/11;4;1;0.503478;0.490122;0.743043;0.142122
333;29/11/11;4;2;0.458333;0.451375;0.830833;0.258092
334;30/11/11;4;1;0.325;0.311221;0.613333;0.271158
335;01/12/11;4;1;0.3125;0.305554;0.524583;0.220158
336;02/12/11;4;1;0.314167;0.331433;0.625833;0.100754
337;03/12/11;4;1;0.299167;0.310604;0.612917;0.0957833
338;04/12/11;4;1;0.330833;0.3491;0.775833;0.0839583
339;05/12/11;4;2;0.385833;0.393925;0.827083;0.0622083
340;06/12/11;4;3;0.4625;0.4564;0.949583;0.232583
341;07/12/11;4;3;0.41;0.400246;0.970417;0.266175
342;08/12/11;4;1;0.265833;0.256938;0.58;0.240058
343;09/12/11;4;1;0.290833;0.317542;0.695833;0.0827167
344;10/12/11;4;1;0.275;0.266412;0.5075;0.233221
345;11/12/11;4;1;0.220833;0.253154;0.49;0.0665417
346;12/12/11;4;1;0.238333;0.270196;0.670833;0.06345
347;13/12/11;4;1;0.2825;0.301138;0.59;0.14055
348;14/12/11;4;2;0.3175;0.338362;0.66375;0.0609583
349;15/12/11;4;2;0.4225;0.412237;0.634167;0.268042
350;16/12/11;4;2;0.375;0.359825;0.500417;0.260575
351;17/12/11;4;2;0.258333;0.249371;0.560833;0.243167
352;18/12/11;4;1;0.238333;0.245579;0.58625;0.169779
353;19/12/11;4;1;0.276667;0.280933;0.6375;0.172896
354;20/12/11;4;2;0.385833;0.396454;0.595417;0.0615708
355;21/12/11;1;2;0.428333;0.428017;0.858333;0.2214
356;22/12/11;1;2;0.423333;0.426121;0.7575;0.047275
357;23/12/11;1;1;0.373333;0.377513;0.68625;0.274246
358;24/12/11;1;1;0.3025;0.299242;0.5425;0.190304
359;25/12/11;1;1;0.274783;0.279961;0.681304;0.155091
360;26/12/11;1;1;0.321739;0.315535;0.506957;0.239465
361;27/12/11;1;2;0.325;0.327633;0.7625;0.18845
362;28/12/11;1;1;0.29913;0.279974;0.503913;0.293961
363;29/12/11;1;1;0.248333;0.263892;0.574167;0.119412
364;30/12/11;1;1;0.311667;0.318812;0.636667;0.134337
365;31/12/11;1;1;0.41;0.414121;0.615833;0.220154
366;01/01/12;1;1;0.37;0.375621;0.6925;0.192167
367;02/01/12;1;1;0.273043;0.252304;0.381304;0.329665
368;03/01/12;1;1;0.15;0.126275;0.44125;0.365671
369;04/01/12;1;2;0.1075;0.119337;0.414583;0.1847
370;05/01/12;1;1;0.265833;0.278412;0.524167;0.129987
371;06/01/12;1;1;0.334167;0.340267;0.542083;0.167908
372;07/01/12;1;1;0.393333;0.390779;0.531667;0.174758
373;08/01/12;1;1;0.3375;0.340258;0.465;0.191542
374;09/01/12;1;2;0.224167;0.247479;0.701667;0.0989
375;10/01/12;1;1;0.308696;0.318826;0.646522;0.187552
376;11/01/12;1;2;0.274167;0.282821;0.8475;0.131221
377;12/01/12;1;2;0.3825;0.381938;0.802917;0.180967
378;13/01/12;1;1;0.274167;0.249362;0.5075;0.378108
379;14/01/12;1;1;0.18;0.183087;0.4575;0.187183
380;15/01/12;1;1;0.166667;0.161625;0.419167;0.251258
381;16/01/12;1;1;0.19;0.190663;0.5225;0.231358
382;17/01/12;1;2;0.373043;0.364278;0.716087;0.34913
383;18/01/12;1;1;0.303333;0.275254;0.443333;0.415429
384;19/01/12;1;1;0.19;0.190038;0.4975;0.220158
385;20/01/12;1;2;0.2175;0.220958;0.45;0.20275
386;21/01/12;1;2;0.173333;0.174875;0.83125;0.222642
387;22/01/12;1;2;0.1625;0.16225;0.79625;0.199638
388;23/01/12;1;2;0.218333;0.243058;0.91125;0.110708
389;24/01/12;1;1;0.3425;0.349108;0.835833;0.123767
390;25/01/12;1;1;0.294167;0.294821;0.64375;0.161071
391;26/01/12;1;2;0.341667;0.35605;0.769583;0.0733958
392;27/01/12;1;2;0.425;0.415383;0.74125;0.342667
393;28/01/12;1;1;0.315833;0.326379;0.543333;0.210829
394;29/01/12;1;1;0.2825;0.272721;0.31125;0.24005
395;30/01/12;1;1;0.269167;0.262625;0.400833;0.215792
396;31/01/12;1;1;0.39;0.381317;0.416667;0.261817
397;01/02/12;1;1;0.469167;0.466538;0.507917;0.189067
398;02/02/12;1;2;0.399167;0.398971;0.672917;0.187187
399;03/02/12;1;1;0.313333;0.309346;0.526667;0.178496
400;04/02/12;1;2;0.264167;0.272725;0.779583;0.121896
401;05/02/12;1;2;0.265833;0.264521;0.687917;0.175996
402;06/02/12;1;1;0.282609;0.296426;0.622174;0.1538
403;07/02/12;1;1;0.354167;0.361104;0.49625;0.147379
404;08/02/12;1;2;0.256667;0.266421;0.722917;0.133721
405;09/02/12;1;1;0.265;0.261988;0.562083;0.194037
406;10/02/12;1;2;0.280833;0.293558;0.54;0.116929
407;11/02/12;1;3;0.224167;0.210867;0.73125;0.289796
408;12/02/12;1;1;0.1275;0.101658;0.464583;0.409212
409;13/02/12;1;1;0.2225;0.227913;0.41125;0.167283
410;14/02/12;1;2;0.319167;0.333946;0.50875;0.141179
411;15/02/12;1;1;0.348333;0.351629;0.53125;0.1816
412;16/02/12;1;2;0.316667;0.330162;0.752917;0.091425
413;17/02/12;1;1;0.343333;0.351629;0.634583;0.205846
414;18/02/12;1;1;0.346667;0.355425;0.534583;0.190929
415;19/02/12;1;2;0.28;0.265788;0.515833;0.253112
416;20/02/12;1;1;0.28;0.273391;0.507826;0.229083
417;21/02/12;1;1;0.287826;0.295113;0.594348;0.205717
418;22/02/12;1;1;0.395833;0.392667;0.567917;0.234471
419;23/02/12;1;1;0.454167;0.444446;0.554583;0.190913
420;24/02/12;1;2;0.4075;0.410971;0.7375;0.237567
421;25/02/12;1;1;0.290833;0.255675;0.395833;0.421642
422;26/02/12;1;1;0.279167;0.268308;0.41;0.205229
423;27/02/12;1;1;0.366667;0.357954;0.490833;0.268033
424;28/02/12;1;1;0.359167;0.353525;0.395833;0.193417
425;29/02/12;1;2;0.344348;0.34847;0.804783;0.179117
426;01/03/12;1;1;0.485833;0.475371;0.615417;0.226987
427;02/03/12;1;2;0.353333;0.359842;0.657083;0.144904
428;03/03/12;1;2;0.414167;0.413492;0.62125;0.161079
429;04/03/12;1;1;0.325833;0.303021;0.403333;0.334571
430;05/03/12;1;1;0.243333;0.241171;0.50625;0.228858
431;06/03/12;1;1;0.258333;0.255042;0.456667;0.200875
432;07/03/12;1;1;0.404167;0.3851;0.513333;0.345779
433;08/03/12;1;1;0.5275;0.524604;0.5675;0.441563
434;09/03/12;1;2;0.410833;0.397083;0.407083;0.4148
435;10/03/12;1;1;0.2875;0.277767;0.350417;0.22575
436;11/03/12;1;1;0.361739;0.35967;0.476957;0.222587
437;12/03/12;1;1;0.466667;0.459592;0.489167;0.207713
438;13/03/12;1;1;0.565;0.542929;0.6175;0.23695
439;14/03/12;1;1;0.5725;0.548617;0.507083;0.115062
440;15/03/12;1;1;0.5575;0.532825;0.579583;0.149883
441;16/03/12;1;2;0.435833;0.436229;0.842083;0.113192
442;17/03/12;1;2;0.514167;0.505046;0.755833;0.110704
443;18/03/12;1;2;0.4725;0.464;0.81;0.126883
444;19/03/12;1;1;0.545;0.532821;0.72875;0.162317
445;20/03/12;1;1;0.560833;0.538533;0.807917;0.121271
446;21/03/12;2;2;0.531667;0.513258;0.82125;0.0895583
447;22/03/12;2;1;0.554167;0.531567;0.83125;0.117562
448;23/03/12;2;2;0.601667;0.570067;0.694167;0.1163
449;24/03/12;2;2;0.5025;0.486733;0.885417;0.192783
450;25/03/12;2;2;0.4375;0.437488;0.880833;0.220775
451;26/03/12;2;1;0.445833;0.43875;0.477917;0.386821
452;27/03/12;2;1;0.323333;0.315654;0.29;0.187192
453;28/03/12;2;1;0.484167;0.47095;0.48125;0.291671
454;29/03/12;2;1;0.494167;0.482304;0.439167;0.31965
455;30/03/12;2;2;0.37;0.375621;0.580833;0.138067
456;31/03/12;2;2;0.424167;0.421708;0.738333;0.250617
457;01/04/12;2;2;0.425833;0.417287;0.67625;0.172267
458;02/04/12;2;1;0.433913;0.427513;0.504348;0.312139
459;03/04/12;2;1;0.466667;0.461483;0.396667;0.100133
460;04/04/12;2;1;0.541667;0.53345;0.469583;0.180975
461;05/04/12;2;1;0.435;0.431163;0.374167;0.219529
462;06/04/12;2;1;0.403333;0.390767;0.377083;0.300388
463;07/04/12;2;1;0.4375;0.426129;0.254167;0.274871
464;08/04/12;2;1;0.5;0.492425;0.275833;0.232596
465;09/04/12;2;1;0.489167;0.476638;0.3175;0.358196
466;10/04/12;2;1;0.446667;0.436233;0.435;0.249375
467;11/04/12;2;1;0.348696;0.337274;0.469565;0.295274
468;12/04/12;2;1;0.3975;0.387604;0.46625;0.290429
469;13/04/12;2;1;0.4425;0.431808;0.408333;0.155471
470;14/04/12;2;1;0.495;0.487996;0.502917;0.190917
471;15/04/12;2;1;0.606667;0.573875;0.507917;0.225129
472;16/04/12;2;1;0.664167;0.614925;0.561667;0.284829
473;17/04/12;2;1;0.608333;0.598487;0.390417;0.273629
474;18/04/12;2;2;0.463333;0.457038;0.569167;0.167912
475;19/04/12;2;1;0.498333;0.493046;0.6125;0.0659292
476;20/04/12;2;1;0.526667;0.515775;0.694583;0.149871
477;21/04/12;2;1;0.57;0.542921;0.682917;0.283587
478;22/04/12;2;3;0.396667;0.389504;0.835417;0.344546
479;23/04/12;2;2;0.321667;0.301125;0.766667;0.303496
480;24/04/12;2;1;0.413333;0.405283;0.454167;0.249383
481;25/04/12;2;1;0.476667;0.470317;0.427917;0.118792
482;26/04/12;2;2;0.498333;0.483583;0.756667;0.176625
483;27/04/12;2;1;0.4575;0.452637;0.400833;0.347633
484;28/04/12;2;2;0.376667;0.377504;0.489583;0.129975
485;29/04/12;2;1;0.458333;0.450121;0.587083;0.116908
486;30/04/12;2;2;0.464167;0.457696;0.57;0.171638
487;01/05/12;2;2;0.613333;0.577021;0.659583;0.156096
488;02/05/12;2;1;0.564167;0.537896;0.797083;0.138058
489;03/05/12;2;2;0.56;0.537242;0.768333;0.133696
490;04/05/12;2;1;0.6275;0.590917;0.735417;0.162938
491;05/05/12;2;2;0.621667;0.584608;0.756667;0.152992
492;06/05/12;2;2;0.5625;0.546737;0.74;0.149879
493;07/05/12;2;2;0.5375;0.527142;0.664167;0.230721
494;08/05/12;2;2;0.581667;0.557471;0.685833;0.296029
495;09/05/12;2;2;0.575;0.553025;0.744167;0.216412
496;10/05/12;2;1;0.505833;0.491783;0.552083;0.314063
497;11/05/12;2;1;0.533333;0.520833;0.360417;0.236937
498;12/05/12;2;1;0.564167;0.544817;0.480417;0.123133
499;13/05/12;2;1;0.6125;0.585238;0.57625;0.225117
500;14/05/12;2;2;0.573333;0.5499;0.789583;0.212692
501;15/05/12;2;2;0.611667;0.576404;0.794583;0.147392
502;16/05/12;2;1;0.636667;0.595975;0.697917;0.122512
503;17/05/12;2;1;0.593333;0.572613;0.52;0.229475
504;18/05/12;2;1;0.564167;0.551121;0.523333;0.136817
505;19/05/12;2;1;0.6;0.566908;0.45625;0.083975
506;20/05/12;2;1;0.620833;0.583967;0.530417;0.254367
507;21/05/12;2;2;0.598333;0.565667;0.81125;0.233204
508;22/05/12;2;2;0.615;0.580825;0.765833;0.118167
509;23/05/12;2;2;0.621667;0.584612;0.774583;0.102
510;24/05/12;2;1;0.655;0.6067;0.716667;0.172896
511;25/05/12;2;1;0.68;0.627529;0.747083;0.14055
512;26/05/12;2;1;0.6925;0.642696;0.7325;0.198992
513;27/05/12;2;1;0.69;0.641425;0.697083;0.215171
514;28/05/12;2;1;0.7125;0.6793;0.67625;0.196521
515;29/05/12;2;1;0.7225;0.672992;0.684583;0.2954
516;30/05/12;2;2;0.656667;0.611129;0.67;0.134329
517;31/05/12;2;1;0.68;0.631329;0.492917;0.195279
518;01/06/12;2;2;0.654167;0.607962;0.755417;0.237563
519;02/06/12;2;1;0.583333;0.566288;0.549167;0.186562
520;03/06/12;2;1;0.6025;0.575133;0.493333;0.184087
521;04/06/12;2;1;0.5975;0.578283;0.487083;0.284833
522;05/06/12;2;2;0.540833;0.525892;0.613333;0.209575
523;06/06/12;2;1;0.554167;0.542292;0.61125;0.077125
524;07/06/12;2;1;0.6025;0.569442;0.567083;0.15735
525;08/06/12;2;1;0.649167;0.597862;0.467917;0.175383
526;09/06/12;2;1;0.710833;0.648367;0.437083;0.144287
527;10/06/12;2;1;0.726667;0.663517;0.538333;0.133721
528;11/06/12;2;2;0.720833;0.659721;0.587917;0.207713
529;12/06/12;2;2;0.653333;0.597875;0.833333;0.214546
530;13/06/12;2;1;0.655833;0.611117;0.582083;0.343279
531;14/06/12;2;1;0.648333;0.624383;0.569583;0.253733
532;15/06/12;2;1;0.639167;0.599754;0.589583;0.176617
533;16/06/12;2;1;0.631667;0.594708;0.504167;0.166667
534;17/06/12;2;1;0.5925;0.571975;0.59875;0.144904
535;18/06/12;2;2;0.568333;0.544842;0.777917;0.174746
536;19/06/12;2;1;0.688333;0.654692;0.69;0.148017
537;20/06/12;2;1;0.7825;0.720975;0.592083;0.113812
538;21/06/12;3;1;0.805833;0.752542;0.567917;0.118787
539;22/06/12;3;1;0.7775;0.724121;0.57375;0.182842
540;23/06/12;3;1;0.731667;0.652792;0.534583;0.179721
541;24/06/12;3;1;0.743333;0.674254;0.479167;0.145525
542;25/06/12;3;1;0.715833;0.654042;0.504167;0.300383
543;26/06/12;3;1;0.630833;0.594704;0.373333;0.347642
544;27/06/12;3;1;0.6975;0.640792;0.36;0.271775
545;28/06/12;3;1;0.749167;0.675512;0.4225;0.17165
546;29/06/12;3;1;0.834167;0.786613;0.48875;0.165417
547;30/06/12;3;1;0.765;0.687508;0.60125;0.161071
548;01/07/12;3;1;0.815833;0.750629;0.51875;0.168529
549;02/07/12;3;1;0.781667;0.702038;0.447083;0.195267
550;03/07/12;3;1;0.780833;0.70265;0.492083;0.126237
551;04/07/12;3;1;0.789167;0.732337;0.53875;0.13495
552;05/07/12;3;1;0.8275;0.761367;0.457917;0.194029
553;06/07/12;3;1;0.828333;0.752533;0.450833;0.146142
554;07/07/12;3;1;0.861667;0.804913;0.492083;0.163554
555;08/07/12;3;1;0.8225;0.790396;0.57375;0.125629
556;09/07/12;3;2;0.710833;0.654054;0.683333;0.180975
557;10/07/12;3;2;0.720833;0.664796;0.6675;0.151737
558;11/07/12;3;1;0.716667;0.650271;0.633333;0.151733
559;12/07/12;3;1;0.715833;0.654683;0.529583;0.146775
560;13/07/12;3;2;0.731667;0.667933;0.485833;0.08085
561;14/07/12;3;2;0.703333;0.666042;0.699167;0.143679
562;15/07/12;3;1;0.745833;0.705196;0.717917;0.166667
563;16/07/12;3;1;0.763333;0.724125;0.645;0.164187
564;17/07/12;3;1;0.818333;0.755683;0.505833;0.114429
565;18/07/12;3;1;0.793333;0.745583;0.577083;0.137442
566;19/07/12;3;1;0.77;0.714642;0.600417;0.165429
567;20/07/12;3;2;0.665833;0.613025;0.844167;0.208967
568;21/07/12;3;3;0.595833;0.549912;0.865417;0.2133
569;22/07/12;3;2;0.6675;0.623125;0.7625;0.0939208
570;23/07/12;3;1;0.741667;0.690017;0.694167;0.138683
571;24/07/12;3;1;0.750833;0.70645;0.655;0.211454
572;25/07/12;3;1;0.724167;0.654054;0.45;0.1648
573;26/07/12;3;1;0.776667;0.739263;0.596667;0.284813
574;27/07/12;3;1;0.781667;0.734217;0.594583;0.152992
575;28/07/12;3;1;0.755833;0.697604;0.613333;0.15735
576;29/07/12;3;1;0.721667;0.667933;0.62375;0.170396
577;30/07/12;3;1;0.730833;0.684987;0.66875;0.153617
578;31/07/12;3;1;0.713333;0.662896;0.704167;0.165425
579;01/08/12;3;1;0.7175;0.667308;0.6775;0.141179
580;02/08/12;3;1;0.7525;0.707088;0.659583;0.129354
581;03/08/12;3;2;0.765833;0.722867;0.6425;0.215792
582;04/08/12;3;1;0.793333;0.751267;0.613333;0.257458
583;05/08/12;3;1;0.769167;0.731079;0.6525;0.290421
584;06/08/12;3;2;0.7525;0.710246;0.654167;0.129354
585;07/08/12;3;2;0.735833;0.697621;0.70375;0.116908
586;08/08/12;3;2;0.75;0.707717;0.672917;0.1107
587;09/08/12;3;1;0.755833;0.699508;0.620417;0.1561
588;10/08/12;3;2;0.715833;0.667942;0.715833;0.238813
589;11/08/12;3;2;0.6925;0.638267;0.732917;0.206479
590;12/08/12;3;1;0.700833;0.644579;0.530417;0.122512
591;13/08/12;3;1;0.720833;0.662254;0.545417;0.136212
592;14/08/12;3;1;0.726667;0.676779;0.686667;0.169158
593;15/08/12;3;1;0.706667;0.654037;0.619583;0.169771
594;16/08/12;3;1;0.719167;0.654688;0.519167;0.141796
595;17/08/12;3;1;0.723333;0.2424;0.570833;0.231354
596;18/08/12;3;1;0.678333;0.618071;0.603333;0.177867
597;19/08/12;3;2;0.635833;0.603554;0.711667;0.08645
598;20/08/12;3;2;0.635833;0.595967;0.734167;0.129979
599;21/08/12;3;1;0.649167;0.601025;0.67375;0.0727708
600;22/08/12;3;1;0.6675;0.621854;0.677083;0.0702833
601;23/08/12;3;1;0.695833;0.637008;0.635833;0.0845958
602;24/08/12;3;2;0.7025;0.6471;0.615;0.0721458
603;25/08/12;3;2;0.661667;0.618696;0.712917;0.244408
604;26/08/12;3;2;0.653333;0.595996;0.845833;0.228858
605;27/08/12;3;1;0.703333;0.654688;0.730417;0.128733
606;28/08/12;3;1;0.728333;0.66605;0.62;0.190925
607;29/08/12;3;1;0.685;0.635733;0.552083;0.112562
608;30/08/12;3;1;0.706667;0.652779;0.590417;0.0771167
609;31/08/12;3;1;0.764167;0.6894;0.5875;0.168533
610;01/09/12;3;2;0.753333;0.702654;0.638333;0.113187
611;02/09/12;3;2;0.696667;0.649;0.815;0.0640708
612;03/09/12;3;1;0.7075;0.661629;0.790833;0.151121
613;04/09/12;3;1;0.725833;0.686888;0.755;0.236321
614;05/09/12;3;1;0.736667;0.708983;0.74125;0.187808
615;06/09/12;3;2;0.696667;0.655329;0.810417;0.142421
616;07/09/12;3;1;0.703333;0.657204;0.73625;0.171646
617;08/09/12;3;2;0.659167;0.611121;0.799167;0.281104
618;09/09/12;3;1;0.61;0.578925;0.5475;0.224496
619;10/09/12;3;1;0.583333;0.565654;0.50375;0.258713
620;11/09/12;3;1;0.5775;0.554292;0.52;0.0920542
621;12/09/12;3;1;0.599167;0.570075;0.577083;0.131846
622;13/09/12;3;1;0.6125;0.579558;0.637083;0.0827208
623;14/09/12;3;1;0.633333;0.594083;0.6725;0.103863
624;15/09/12;3;1;0.608333;0.585867;0.501667;0.247521
625;16/09/12;3;1;0.58;0.563125;0.57;0.0901833
626;17/09/12;3;2;0.580833;0.55305;0.734583;0.151742
627;18/09/12;3;2;0.623333;0.565067;0.8725;0.357587
628;19/09/12;3;1;0.5525;0.540404;0.536667;0.215175
629;20/09/12;3;1;0.546667;0.532192;0.618333;0.118167
630;21/09/12;3;1;0.599167;0.571971;0.66875;0.154229
631;22/09/12;3;1;0.65;0.610488;0.646667;0.283583
632;23/09/12;4;1;0.529167;0.518933;0.467083;0.223258
633;24/09/12;4;1;0.514167;0.502513;0.492917;0.142404
634;25/09/12;4;1;0.55;0.544179;0.57;0.236321
635;26/09/12;4;1;0.635;0.596613;0.630833;0.2444
636;27/09/12;4;2;0.65;0.607975;0.690833;0.134342
637;28/09/12;4;2;0.619167;0.585863;0.69;0.164179
638;29/09/12;4;1;0.5425;0.530296;0.542917;0.227604
639;30/09/12;4;1;0.526667;0.517663;0.583333;0.134958
640;01/10/12;4;2;0.520833;0.512;0.649167;0.0908042
641;02/10/12;4;3;0.590833;0.542333;0.871667;0.104475
642;03/10/12;4;2;0.6575;0.599133;0.79375;0.0665458
643;04/10/12;4;2;0.6575;0.607975;0.722917;0.117546
644;05/10/12;4;1;0.615;0.580187;0.6275;0.10635
645;06/10/12;4;1;0.554167;0.538521;0.664167;0.268025
646;07/10/12;4;2;0.415833;0.419813;0.708333;0.141162
647;08/10/12;4;2;0.383333;0.387608;0.709583;0.189679
648;09/10/12;4;2;0.446667;0.438112;0.761667;0.1903
649;10/10/12;4;1;0.514167;0.503142;0.630833;0.187821
650;11/10/12;4;1;0.435;0.431167;0.463333;0.181596
651;12/10/12;4;1;0.4375;0.433071;0.539167;0.235092
652;13/10/12;4;1;0.393333;0.391396;0.494583;0.146142
653;14/10/12;4;1;0.521667;0.508204;0.640417;0.278612
654;15/10/12;4;2;0.561667;0.53915;0.7075;0.296037
655;16/10/12;4;1;0.468333;0.460846;0.558333;0.182221
656;17/10/12;4;1;0.455833;0.450108;0.692917;0.101371
657;18/10/12;4;2;0.5225;0.512625;0.728333;0.236937
658;19/10/12;4;2;0.563333;0.537896;0.815;0.134954
659;20/10/12;4;1;0.484167;0.472842;0.572917;0.117537
660;21/10/12;4;1;0.464167;0.456429;0.51;0.166054
661;22/10/12;4;1;0.4875;0.482942;0.568333;0.0814833
662;23/10/12;4;1;0.544167;0.530304;0.641667;0.0945458
663;24/10/12;4;1;0.5875;0.558721;0.63625;0.0727792
664;25/10/12;4;2;0.55;0.529688;0.800417;0.124375
665;26/10/12;4;2;0.545833;0.52275;0.807083;0.132467
666;27/10/12;4;2;0.53;0.515133;0.72;0.235692
667;28/10/12;4;2;0.4775;0.467771;0.694583;0.398008
668;29/10/12;4;3;0.44;0.4394;0.88;0.3582
669;30/10/12;4;2;0.318182;0.309909;0.825455;0.213009
670;31/10/12;4;2;0.3575;0.3611;0.666667;0.166667
671;01/11/12;4;2;0.365833;0.369942;0.581667;0.157346
672;02/11/12;4;1;0.355;0.356042;0.522083;0.266175
673;03/11/12;4;2;0.343333;0.323846;0.49125;0.270529
674;04/11/12;4;1;0.325833;0.329538;0.532917;0.179108
675;05/11/12;4;1;0.319167;0.308075;0.494167;0.236325
676;06/11/12;4;1;0.280833;0.281567;0.567083;0.173513
677;07/11/12;4;2;0.295833;0.274621;0.5475;0.304108
678;08/11/12;4;1;0.352174;0.341891;0.333478;0.347835
679;09/11/12;4;1;0.361667;0.355413;0.540833;0.214558
680;10/11/12;4;1;0.389167;0.393937;0.645417;0.0578458
681;11/11/12;4;1;0.420833;0.421713;0.659167;0.1275
682;12/11/12;4;1;0.485;0.475383;0.741667;0.173517
683;13/11/12;4;2;0.343333;0.323225;0.662917;0.342046
684;14/11/12;4;1;0.289167;0.281563;0.552083;0.199625
685;15/11/12;4;2;0.321667;0.324492;0.620417;0.152987
686;16/11/12;4;1;0.345;0.347204;0.524583;0.171025
687;17/11/12;4;1;0.325;0.326383;0.545417;0.179729
688;18/11/12;4;1;0.3425;0.337746;0.692917;0.227612
689;19/11/12;4;2;0.380833;0.375621;0.623333;0.235067
690;20/11/12;4;2;0.374167;0.380667;0.685;0.082725
691;21/11/12;4;1;0.353333;0.364892;0.61375;0.103246
692;22/11/12;4;1;0.34;0.350371;0.580417;0.0528708
693;23/11/12;4;1;0.368333;0.378779;0.56875;0.148021
694;24/11/12;4;1;0.278333;0.248742;0.404583;0.376871
695;25/11/12;4;1;0.245833;0.257583;0.468333;0.1505
696;26/11/12;4;1;0.313333;0.339004;0.535417;0.04665
697;27/11/12;4;2;0.291667;0.281558;0.786667;0.237562
698;28/11/12;4;1;0.296667;0.289762;0.50625;0.210821
699;29/11/12;4;1;0.28087;0.298422;0.555652;0.115522
700;30/11/12;4;1;0.298333;0.323867;0.649583;0.0584708
701;01/12/12;4;2;0.298333;0.316904;0.806667;0.0597042
702;02/12/12;4;2;0.3475;0.359208;0.823333;0.124379
703;03/12/12;4;1;0.4525;0.455796;0.7675;0.0827208
704;04/12/12;4;1;0.475833;0.469054;0.73375;0.174129
705;05/12/12;4;1;0.438333;0.428012;0.485;0.324021
706;06/12/12;4;1;0.255833;0.258204;0.50875;0.174754
707;07/12/12;4;2;0.320833;0.321958;0.764167;0.1306
708;08/12/12;4;2;0.381667;0.389508;0.91125;0.101379
709;09/12/12;4;2;0.384167;0.390146;0.905417;0.157975
710;10/12/12;4;2;0.435833;0.435575;0.925;0.190308
711;11/12/12;4;2;0.353333;0.338363;0.596667;0.296037
712;12/12/12;4;2;0.2975;0.297338;0.538333;0.162937
713;13/12/12;4;1;0.295833;0.294188;0.485833;0.174129
714;14/12/12;4;1;0.281667;0.294192;0.642917;0.131229
715;15/12/12;4;1;0.324167;0.338383;0.650417;0.10635
716;16/12/12;4;2;0.3625;0.369938;0.83875;0.100742
717;17/12/12;4;2;0.393333;0.4015;0.907083;0.0982583
718;18/12/12;4;1;0.410833;0.409708;0.66625;0.221404
719;19/12/12;4;1;0.3325;0.342162;0.625417;0.184092
720;20/12/12;4;2;0.33;0.335217;0.667917;0.132463
721;21/12/12;1;2;0.326667;0.301767;0.556667;0.374383
722;22/12/12;1;1;0.265833;0.236113;0.44125;0.407346
723;23/12/12;1;1;0.245833;0.259471;0.515417;0.133083
724;24/12/12;1;2;0.231304;0.2589;0.791304;0.0772304
725;25/12/12;1;2;0.291304;0.294465;0.734783;0.168726
726;26/12/12;1;3;0.243333;0.220333;0.823333;0.316546
727;27/12/12;1;2;0.254167;0.226642;0.652917;0.350133
728;28/12/12;1;2;0.253333;0.255046;0.59;0.155471
729;29/12/12;1;2;0.253333;0.2424;0.752917;0.124383
730;30/12/12;1;1;0.255833;0.2317;0.483333;0.350754
731;31/12/12;1;2;0.215833;0.223487;0.5775;0.154846